loss,weight
45.056000000000004,603.6034545898438
45.056000000000004,603.6034545898438
45.34,605.28857421875
45.37,607.04345703125
45.37,607.04345703125
45.436,608.556640625
45.82,608.7218017578125
46.166000000000004,608.7308959960938
46.454,609.5393676757812
47.304,612.17626953125
47.422,617.158203125
47.49,620.1210327148438
47.508,620.4107666015625
47.736000000000004,624.4890747070312
47.94,633.24658203125
47.94,633.24658203125
48.018,633.6105346679688
