train_loss,eval_loss,train_acc,eval_acc
2.2603344917297363,2.259176731109619,17.205000000000002,17.54
2.2603344917297363,2.259176254272461,17.205000000000002,17.54
2.251192331314087,2.2519783973693848,20.3175,20.24
2.2215020656585693,2.2196311950683594,23.405,23.599999999999998
2.207965135574341,2.2078423500061035,24.865000000000002,24.709999999999997
