train_loss,eval_loss,train_acc,eval_acc
2.3905553817749023,2.38900089263916,6.516,6.569999999999999
2.3905553817749023,2.38900089263916,6.516,6.569999999999999
