train_loss,eval_loss,train_acc,eval_acc
1.5857521295547485,1.6072169542312622,87.5275,85.39
1.584903359413147,1.6057817935943604,87.5825,85.55
1.578540563583374,1.5959999561309814,88.29,86.49
