train_loss,eval_loss,train_acc,eval_acc
2.262033224105835,2.2631587982177734,17.6725,17.560000000000002
2.2431418895721436,2.243231773376465,21.002499999999998,21.12
2.210963010787964,2.211714744567871,24.295,24.09
2.190427780151367,2.189281702041626,26.4725,26.619999999999997
2.1662380695343018,2.1665775775909424,29.0725,29.080000000000002
