train_loss,eval_loss,train_acc,eval_acc
2.25573468208313,2.257629871368408,19.41,19.18
2.25573468208313,2.257629632949829,19.41,19.18
2.2418878078460693,2.243009090423584,21.252499999999998,21.240000000000002
2.225611686706543,2.2293481826782227,22.875,22.48
2.2173337936401367,2.22587513923645,23.9525,23.11
