train_loss,eval_loss,train_acc,eval_acc
1.8569167066062786,1.5206489688672198,33.7432021753039,47.873402555910545
1.5112142530451658,1.334912345432245,46.85700575815739,54.602635782747605
1.3505152068455404,1.204456192045547,52.863083813179784,59.08546325878594
1.2445290444069617,1.1178986571086482,56.85380678182982,61.271964856230035
1.1586058282043716,1.0522869930099756,59.97680742162508,63.82787539936102
1.0951970252408023,0.9966141811955851,62.18410108765195,65.72484025559105
1.0336372057215495,0.9681116995720056,64.49536148432502,66.48362619808307
0.9878061910279653,0.9266831313078396,66.0188739603327,68.28075079872204
0.9417922508617432,0.9067046349040997,67.7703134996801,68.32068690095846
