train_loss,eval_loss,train_acc,eval_acc
2.190036703300476,2.128656871021746,26.6425,32.7176517571885
2.1417143423080445,2.096664816807634,31.525,35.89257188498402
2.118339301967621,2.0909890244944025,33.6725,36.11222044728434
