train_loss,eval_loss,train_acc,eval_acc
1.8556840419769287,1.8642421960830688,60.38249999999999,59.41
