train_loss,eval_loss,train_acc,eval_acc
2.2654595375061035,2.264157772064209,16.753999999999998,16.939999999999998
2.2654595375061035,2.264157772064209,16.753999999999998,16.939999999999998
2.236795663833618,2.244166135787964,21.592,20.79
2.2163379192352295,2.2251503467559814,23.742,22.8
2.197533369064331,2.2123172283172607,25.83,24.37
